iteration,filename,Vdd (current),Vdrain (current),Vr (current),delay_H_overlap (current),F (current),Vdd (best),Vdrain (best),Vr (best),delay_H_overlap (best),F (best)
1,optimize_334.fz,-12.0,-20.7,-7.8,17.0,10.75241,-12.0,-20.7,-7.8,17.0,10.75241
2,optimize_335.fz,-18.5,-14.2,-6.3,27.0,1.88662,-18.5,-14.2,-6.3,27.0,1.88662
3,optimize_336.fz,-15.2,-17.4,-5.6,22.0,1.9852,-18.5,-14.2,-6.3,27.0,1.88662
4,optimize_337.fz,-21.7,-10.9,-7.1,12.0,0.62503,-21.7,-10.9,-7.1,12.0,0.62503
5,optimize_338.fz,-20.1,-15.8,-6.0,20.0,3.30614,-21.7,-10.9,-7.1,12.0,0.62503
6,optimize_339.fz,-13.6,-22.3,-7.5,30.0,5.02821,-21.7,-10.9,-7.1,12.0,0.62503
7,optimize_340.fz,-16.8,-19.0,-6.7,25.0,1.34259,-21.7,-10.9,-7.1,12.0,0.62503
8,optimize_341.fz,-10.3,-12.5,-5.2,15.0,6.29809,-21.7,-10.9,-7.1,12.0,0.62503
9,optimize_342.fz,-22.3,-11.8,-7.3,13.0,0.60063,-22.3,-11.8,-7.3,13.0,0.60063
10,optimize_343.fz,-23.0,-10.5,-7.6,11.0,0.50327,-23.0,-10.5,-7.6,11.0,0.50327
11,optimize_344.fz,-23.0,-10.0,-8.0,10.0,0.65628,-23.0,-10.5,-7.6,11.0,0.50327
12,optimize_345.fz,-23.0,-11.0,-7.5,15.0,0.65581,-23.0,-10.5,-7.6,11.0,0.50327
13,optimize_346.fz,-23.0,-10.5,-7.0,11.0,0.6554,-23.0,-10.5,-7.6,11.0,0.50327
14,optimize_347.fz,-23.0,-10.3,-7.7,12.0,0.6322,-23.0,-10.5,-7.6,11.0,0.50327
15,optimize_348.fz,-23.0,-10.5,-7.6,11.0,0.46371,-23.0,-10.5,-7.6,11.0,0.46371
16,optimize_349.fz,-23.0,-10.7,-7.6,11.0,0.51757,-23.0,-10.5,-7.6,11.0,0.46371
17,optimize_350.fz,-23.0,-10.5,-7.6,10.0,0.50673,-23.0,-10.5,-7.6,11.0,0.46371
18,optimize_351.fz,-23.0,-10.5,-7.4,11.0,0.50249,-23.0,-10.5,-7.6,11.0,0.46371
19,optimize_352.fz,-23.0,-10.5,-7.8,11.0,0.59153,-23.0,-10.5,-7.6,11.0,0.46371
20,optimize_353.fz,-22.0,-10.5,-7.5,11.0,0.47836,-23.0,-10.5,-7.6,11.0,0.46371
21,optimize_354.fz,-21.0,-10.5,-7.5,11.0,0.45859,-21.0,-10.5,-7.5,11.0,0.45859
22,optimize_355.fz,-20.0,-10.5,-7.5,11.0,0.44952,-20.0,-10.5,-7.5,11.0,0.44952
23,optimize_356.fz,-18.5,-10.5,-7.5,11.0,0.44683,-18.5,-10.5,-7.5,11.0,0.44683
24,optimize_357.fz,-16.5,-10.5,-7.5,11.0,0.48772,-18.5,-10.5,-7.5,11.0,0.44683
25,optimize_358.fz,-19.0,-11.0,-7.5,11.0,0.47602,-18.5,-10.5,-7.5,11.0,0.44683
26,optimize_359.fz,-19.5,-10.0,-7.5,11.0,0.50913,-18.5,-10.5,-7.5,11.0,0.44683
27,optimize_360.fz,-19.0,-10.5,-7.2,11.0,0.46398,-18.5,-10.5,-7.5,11.0,0.44683
28,optimize_361.fz,-19.5,-10.5,-7.4,11.0,0.4396,-19.5,-10.5,-7.4,11.0,0.4396
29,optimize_362.fz,-19.5,-10.6,-7.4,11.0,0.4854,-19.5,-10.5,-7.4,11.0,0.4396
30,optimize_363.fz,-19.5,-10.5,-7.5,11.0,0.45219,-19.5,-10.5,-7.4,11.0,0.4396
